"Código","Nome","Volume","Última (R$)","Variação"
"MGLU3","Magazine Luiza","132.868.700","2,24","-4,68%"
"BRFS3","BRF","53.356.300","9,66","+3,21%"
"HAPV3","Hapvida","51.410.200","4,28","+0,47%"
"BBDC4","Banco Bradesco","39.104.700","14,15","-0,77%"
"PETR4","Petrobras","30.938.700","34,03","+0,80%"
"B3SA3","B3","29.910.400","12,33","-1,28%"
"ANIM3","Ânima Educação","26.073.400","2,69","-12,09%"
"CIEL3","Cielo","23.008.300","3,30","+0,61%"
"CRFB3","Carrefour Brasil","22.828.900","9,15","+2,81%"
"LREN3","Lojas Renner","22.769.800","13,89","-0,43%"
"RAIZ4","Raízen","21.900.600","3,77","+0,80%"
"ITSA4","Itaúsa","20.349.100","9,01","-2,07%"
"TIMS3","TIM","19.524.600","15,08","-0,46%"
"COGN3","Cogna","18.238.800","2,64","+0,00%"
"VALE3","Vale","17.028.700","68,00","+0,74%"
"ITUB4","Itaú Unibanco","16.341.800","26,92","-0,26%"
"ABEV3","Ambev","16.313.800","13,12","-0,91%"
"VAMO3","Grupo Vamos","16.084.400","9,70","-3,96%"
"PETZ3","Petz","16.003.000","4,99","-2,54%"
"SOMA3","Grupo Soma","14.619.900","6,61","-2,94%"
"CPLE6","Copel","13.581.000","9,00","-0,33%"
"RAIL3","Rumo","13.466.700","23,43","-0,21%"
"ASAI3","Assaí","10.781.600","11,46","-2,80%"
"VBBR3","Vibra Energia","10.420.200","18,73","-4,15%"
"CMIN3","CSN Mineração","10.403.900","4,68","+1,30%"
"SEQL3","Sequoia Logística","10.266.100","0,44","-8,33%"
"CVCB3","CVC","10.236.900","2,26","-0,44%"
"AZUL4","Azul","9.386.800","14,39","-1,37%"
"USIM5","Usiminas","9.336.700","6,59","+0,15%"
"PCAR3","Grupo Pão de Açúcar","9.224.200","3,54","-2,48%"
"GOLL4","GOL","9.130.000","6,43","-3,89%"
"RDOR3","Rede D'Or","9.042.800","26,42","-0,30%"
"BBDC3","Banco Bradesco","8.793.200","12,51","+0,08%"
"NTCO3","Natura","7.991.700","15,72","-3,20%"
"UGPA3","Ultrapar","7.870.600","18,63","-0,48%"
"MRVE3","MRV","7.817.000","10,68","-1,39%"
"PETR3","Petrobras","7.394.400","37,14","+0,73%"
"CCRO3","Grupo CCR","7.096.700","12,59","+0,00%"
"CYRE3","Cyrela","7.029.800","20,85","-2,62%"
"NINJ3","GetNinjas","6.797.600","4,59","+3,85%"
"ECOR3","EcoRodovias","6.699.100","7,31","-1,62%"
"EMBR3","Embraer","6.646.900","17,55","-0,06%"
"PRIO3","PetroRio","6.630.000","46,76","+0,69%"
"ELET3","Eletrobras","6.549.700","35,26","+0,89%"
"MRFG3","Marfrig","6.531.100","7,04","-1,40%"
"JBSS3","JBS","6.411.400","18,22","-0,55%"
"BEEF3","Minerva","6.383.600","8,24","-0,36%"
"RADL3","RaiaDrogasil","6.323.400","27,43","+2,12%"
"HBSA3","Hidrovias do Brasil","5.791.500","4,60","-0,65%"
"QUAL3","Qualicorp","5.725.800","2,80","-3,45%"
"CMIG4","CEMIG","5.713.900","12,89","-0,46%"
"CSAN3","Cosan","5.659.800","17,97","-0,33%"
"RENT3","Localiza","5.602.200","58,15","-0,62%"
"CSNA3","Siderúrgica Nacional","5.396.400","12,10","-1,06%"
"ENEV3","Eneva","5.359.700","11,71","-1,43%"
"BBAS3","Banco do Brasil","5.340.000","46,69","+0,17%"
"GGBR4","Gerdau","5.316.200","24,26","-0,53%"
"YDUQ3","YDUQS","5.208.400","19,31","-1,63%"
"SUZB3","Suzano","5.169.200","55,38","-1,12%"
"OPCT3","OceanPact","5.163.100","5,66","+8,43%"
"AMER3","Americanas","5.133.700","0,76","-2,56%"
"BRKM5","Braskem","5.096.100","20,59","-3,29%"
"EQTL3","Equatorial Energia","5.056.400","32,88","-0,81%"
"GMAT3","Grupo Mateus","4.880.300","6,86","+1,18%"
"POMO4","Marcopolo","4.730.300","5,97","+1,88%"
"WEGE3","WEG","4.711.500","34,59","-1,11%"
"OIBR3","Oi","4.692.400","0,66","-2,94%"
"GOAU4","Metalúrgica Gerdau","4.359.500","11,22","-0,71%"
"CPLE3","Copel","4.241.200","8,50","+0,47%"
"ALPA4","Alpargatas","4.061.600","8,03","-2,31%"
"MULT3","Multiplan","4.036.300","24,92","+0,93%"
"RECV3","PetroRecôncavo","3.971.400","20,45","-2,57%"
"LWSA3","Locaweb","3.887.000","6,29","-0,63%"
"CXSE3","Caixa Seguridade","3.832.900","11,17","-2,19%"
"MOVI3","Movida","3.814.000","11,64","-0,85%"
"DXCO3","Dexco","3.813.100","7,80","-2,01%"
"AERI3","Aeris Energy","3.736.800","0,88","-2,22%"
"BBSE3","BB Seguridade","3.682.800","31,74","-0,06%"
"IFCM3","Infracommerce","3.681.800","1,46","-4,58%"
"IRBR3","IRB Brasil RE","3.617.500","40,49","+1,96%"
"FLRY3","Fleury","3.515.500","14,88","-0,33%"
"SIMH3","Simpar","3.462.000","8,88","-2,31%"
"RRRP3","3R Petroleum","3.304.800","31,12","-0,99%"
"STBP3","Santos Brasil","3.059.500","8,93","-0,45%"
"HYPE3","Hypera","3.042.100","37,10","-0,40%"
"LJQQ3","Lojas Quero-Quero","3.040.300","4,00","-3,61%"
"AURE3","VTRM ENERGIA PARTICIPAÃiES S.A.","2.805.800","13,81","+0,00%"
"AMAR3","Lojas Marisa","2.804.300","0,63","+0,00%"
"DIRR3","Direcional","2.794.700","18,13","-2,79%"
"TOTS3","Totvs","2.757.000","26,42","+0,30%"
"KLBN4","Klabin","2.747.100","4,82","-0,62%"
"GFSA3","Gafisa","2.647.800","3,98","-1,49%"
"ALSO3","Aliansce Sonae","2.607.900","22,79","-0,48%"
"SBFG3","Grupo SBF","2.524.800","6,81","-1,30%"
"SBSP3","Sabesp","2.511.100","61,34","-0,57%"
"PGMN3","Pague Menos","2.485.200","3,00","-5,36%"
"CEAB3","C&A","2.380.000","5,10","-1,73%"
"VIVT3","Vivo","2.262.600","43,68","-1,20%"
"CBAV3","CBA","2.161.900","4,67","-1,27%"
"CSMG3","COPASA","2.120.100","17,40","-4,29%"
"ZAMP3","Zamp","2.076.900","6,25","-0,48%"
"TEND3","Construtora Tenda","2.063.100","12,27","-4,44%"
"AZEV4","Azevedo & Travassos","2.026.200","1,91","-4,02%"
"CASH3","Méliuz","2.020.800","6,08","-1,46%"
"GUAR3","Guararapes","1.993.600","5,47","-1,97%"
"MLAS3","Multilaser","1.968.900","3,08","+0,65%"
"ODPV3","Odontoprev","1.966.200","11,14","-0,89%"
"RCSL4","Recrusul","1.965.100","1,39","+2,21%"
"CURY3","Cury","1.938.400","16,20","-0,12%"
"GGPS3","GPS","1.892.800","17,56","+0,00%"
"SMFT3","Smart Fit","1.890.900","20,38","-1,07%"
"TRPL4","Transmissão Paulista","1.841.500","23,89","-0,62%"
"ESPA3","Espaçolaser","1.821.300","1,57","-0,63%"
"SEER3","Ser Educacional","1.820.800","6,00","-4,31%"
"SAPR4","Sanepar","1.614.900","4,74","+1,07%"
"BRAP4","Bradespar","1.594.800","22,72","+0,18%"
"HBOR3","Helbor","1.544.400","2,59","-4,07%"
"BPAN4","Banco Pan","1.517.000","8,22","-0,36%"
"SMTO3","São Martinho","1.478.900","38,52","-0,10%"
"BRSR6","Banrisul","1.476.500","12,33","-1,12%"
"CPFE3","CPFL Energia","1.469.400","35,69","-0,11%"
"MBLY3","Mobly","1.464.400","3,85","+5,48%"
"JHSF3","JHSF","1.451.400","4,70","-0,42%"
"EVEN3","Even","1.434.000","6,19","+0,00%"
"VIVA3","Vivara","1.421.700","26,73","-0,56%"
"AESB3","AES Brasil","1.411.400","11,55","+0,35%"
"GRND3","Grendene","1.392.300","6,70","+0,00%"
"LIGT3","Light","1.379.800","5,74","-1,37%"
"PSSA3","Porto Seguro","1.362.700","27,04","-0,44%"
"KEPL3","Kepler Weber","1.351.400","11,50","-1,96%"
"ARZZ3","Arezzo","1.310.800","63,72","-1,83%"
"JALL3","Jalles Machado","1.295.700","9,13","+3,05%"
"CAML3","Camil Alimentos","1.282.000","8,08","-0,37%"
"EGIE3","Engie","1.264.900","42,89","-0,16%"
"POSI3","Positivo","1.229.900","7,10","-1,39%"
"RAPT4","Randon","1.202.500","11,41","+0,53%"
"INTB3","Intelbras","1.186.200","20,66","+0,00%"
"EZTC3","EZTEC","1.174.700","20,13","-2,47%"
"MYPK3","Iochpe-Maxion","1.081.000","14,17","+0,85%"
"MEAL3","IMC Alimentação","1.059.200","1,84","+1,10%"
"TRAD3","Traders Club","1.056.800","0,99","-5,71%"
"ENAT3","Enauta","1.037.000","17,73","+0,06%"
"ELET6","Eletrobras","990.400","38,12","-0,05%"
"NEOE3","Neoenergia","952.900","18,89","-0,21%"
"SLCE3","SLC Agrícola","906.800","39,48","+0,48%"
"ONCO3","Oncoclínicas","882.500","11,19","-1,41%"
"RANI3","Irani","762.100","12,60","-1,87%"
"ITUB3","Itaú Unibanco","754.700","22,88","-0,91%"
"PTBL3","Portobello","715.500","5,66","-0,53%"
"TTEN3","3tentos","692.200","13,47","-0,07%"
"MEGA3","OMEGA ENERGIA S.A.","690.900","10,12","-2,32%"
"PLPL3","Plano&Plano","682.400","9,78","-1,71%"
"SQIA3","Sinqia","680.700","27,19","-0,11%"
"MILS3","Mills","624.000","12,39","-0,40%"
"ROMI3","Indústrias ROMI","621.900","12,06","-1,87%"
"MTRE3","Mitre Realty","621.700","4,77","-4,02%"
"TRIS3","Trisul","596.500","5,45","-2,33%"
"WIZC3","Wiz Soluções","590.100","5,22","-0,38%"
"MDIA3","M. Dias Branco","583.400","36,64","-1,03%"
"FRAS3","Fras-le","572.500","15,68","+0,84%"
"VULC3","Vulcabras","513.000","20,45","-1,45%"
"AZEV3","Azevedo & Travassos","509.200","1,81","-3,72%"
"TUPY3","Tupy","507.000","27,53","+0,00%"
"AMBP3","Ambipar","472.800","21,14","-0,89%"
"PRNR3","Priner","457.200","10,57","+3,42%"
"VITT3","Vittia","454.100","12,49","+1,13%"
"KRSA3","Kora Saúde","452.500","0,91","+1,11%"
"ABCB4","Banco ABC Brasil","451.100","20,12","-0,79%"
"SLED4","Saraiva","440.500","1,60","+14,29%"
"BRIT3","Brisanet","433.700","3,73","-2,86%"
"HBRE3","HBR Realty","432.900","5,17","-2,45%"
"CLSA3","ClearSale","430.400","4,43","-6,74%"
"LUPA3","Lupatech","427.000","2,24","-0,88%"
"BMOB3","Bemobi","415.600","12,03","+0,17%"
"AGRO3","BrasilAgro","415.200","27,91","-0,14%"
"ARML3","Armac","406.600","11,46","-1,55%"
"BLAU3","Blau Farmacêutica","386.700","15,92","-2,33%"
"ENJU3","Enjoei","383.600","1,34","+3,08%"
"LAVV3","Lavvi Incorporadora","368.700","7,63","+0,26%"
"VVEO3","Viveo","368.400","17,46","+0,00%"
"MDNE3","Moura Dubeux","359.800","10,68","-2,82%"
"PNVL3","Dimed","346.900","11,99","-0,33%"
"SHUL4","Schulz","338.300","7,48","+0,00%"
"BMGB4","Banco BMG","333.000","2,41","-0,82%"
"TASA4","Taurus","330.700","16,10","-0,37%"
"RCSL3","Recrusul","328.700","1,82","+1,11%"
"WEST3","Westwing","325.600","1,33","-0,75%"
"PORT3","Wilson Sons","297.300","13,85","+2,37%"
"DASA3","Dasa","290.800","11,70","+2,99%"
"MATD3","Mater Dei","274.800","8,39","-0,83%"
"KLBN3","Klabin","269.500","4,83","-0,82%"
"FIQE3","Unifique","269.300","3,79","-0,79%"
"ORVR3","Orizon","262.800","37,30","+0,13%"
"LEVE3","Mahle Metal Leve","259.600","49,80","+0,57%"
"NGRD3","Neogrid","250.500","1,25","-3,10%"
"CSED3","Cruzeiro do Sul Educacional","243.600","4,06","-1,69%"
"ITSA3","Itaúsa","239.200","9,10","-2,57%"
"SANB4","Banco Santander","215.600","13,90","+0,14%"
"SOJA3","Boa Safra Sementes","214.100","13,79","+0,88%"
"LOGG3","LOG CP","196.500","19,94","+0,61%"
"TCSA3","Tecnisa","194.200","3,55","-1,39%"
"TAEE4","Taesa","193.300","11,70","+0,00%"
"VLID3","Valid","183.300","17,55","-1,13%"
"MELK3","Melnick","182.600","4,52","+0,00%"
"POMO3","Marcopolo","173.500","4,73","+1,50%"
"SAPR3","Sanepar","166.800","4,54","+0,00%"
"ETER3","Eternit","165.400","8,62","-1,37%"
"RNEW3","Renova Energia","165.200","1,06","-2,75%"
"UNIP6","Unipar","157.300","82,20","+0,01%"
"TGMA3","Tegma","151.800","25,80","-0,15%"
"PINE4","PINE","148.700","3,82","+1,87%"
"JSLG3","JSL","140.800","8,46","-2,20%"
"FESA4","Ferbasa","137.200","48,80","-1,31%"
"SANB3","Banco Santander","134.700","12,34","+0,16%"
"USIM3","Usiminas","130.900","6,80","+0,15%"
"LAND3","Terra Santa","129.600","23,13","-1,91%"
"AALR3","Alliança","128.500","8,80","+0,80%"
"LPSB3","Lopes","124.900","2,25","-4,66%"
"SYNE3","SYN","117.400","4,05","-0,74%"
"DESK3","Desktop","117.200","14,58","-2,47%"
"SHOW3","Time For Fun","115.000","2,31","-3,75%"
"INEP3","Inepar","113.100","4,54","+2,95%"
"RNEW4","Renova Energia","112.600","1,11","-1,77%"
"TAEE3","Taesa","111.600","11,65","-0,51%"
"DEXP3","Dexxos","103.400","11,09","+3,64%"
"PDTC3","Padtec","101.400","2,45","+0,00%"
"ATMP3","Atma","95.500","2,49","+3,32%"
"PFRM3","Profarma","91.500","3,86","-1,28%"
"CSUD3","CSU Cardsystem","80.900","16,05","-3,78%"
"DOTZ3","Dotz","76.900","0,89","-4,30%"
"CMIG3","CEMIG","70.800","19,69","-1,55%"
"ALPK3","Estapar","70.800","4,41","-0,45%"
"CAMB3","Cambuci","69.500","9,72","-3,28%"
"VIVR3","Viver","68.800","3,35","-1,47%"
"SGPS3","Springs","68.600","1,41","-7,24%"
"TECN3","Technos","63.400","3,41","+0,89%"
"ELMD3","Eletromidia","58.900","15,10","-2,08%"
"TPIS3","Triunfo","54.200","4,09","+0,99%"
"GGBR3","Gerdau","52.500","22,40","-1,41%"
"UCAS3","Unicasa","48.600","2,64","+0,76%"
"INEP4","Inepar","37.800","3,40","-1,16%"
"EUCA4","Eucatex","37.100","12,67","-1,93%"
"LOGN3","Log-In","36.600","44,00","-2,65%"
"TFCO4","Track & Field","36.300","12,75","+0,63%"
"BRKM3","Braskem","34.000","22,07","-1,91%"
"GOAU3","Metalúrgica Gerdau","31.800","11,26","-1,14%"
"OIBR4","Oi","30.500","2,02","+0,00%"
"COCE5","Coelce","29.700","46,75","-2,60%"
"BRIV4","Alfa Investimento","27.800","11,39","+0,09%"
"AGXY3","AgroGalaxy","23.700","4,72","-0,84%"
"BRAP3","Bradespar","22.700","20,90","+0,19%"
"LVTC3","WDC Networks","22.500","4,23","+1,93%"
"PDGR3","PDG Realty","19.900","3,94","-0,76%"
"CTSA4","Santanense","19.700","1,90","-0,52%"
"MWET4","Wetzel","17.900","8,57","-8,54%"
"IGTI3","Iguatemi","17.000","2,71","+0,00%"
"IGTI3","Jereissati Participações","17.000","2,71","+0,00%"
"BRPR3","BR Properties","16.700","730,01","-2,28%"
"DMVF3","D1000 Varejo Farma","16.600","5,09","+0,00%"
"ALLD3","Allied","15.000","6,39","+0,63%"
"PTNT4","Pettenati","14.500","8,97","-0,66%"
"HAGA3","Haga","14.300","2,58","-1,53%"
"WHRL3","Whirlpool","13.500","4,45","+1,60%"
"HAGA4","Haga","12.600","1,25","-0,79%"
"RSID3","Rossi Residencial","11.500","3,83","-1,03%"
"ALUP4","Alupar","10.900","9,81","+0,10%"
"CEEB3","COELBA","10.700","40,20","-0,74%"
"BRSR3","Banrisul","10.600","13,02","-0,91%"
"SNSY5","Sansuy","10.500","3,99","+1,79%"
"SCAR3","São Carlos","10.400","26,67","-0,49%"
"CRPG6","Tronox Pigmentos","10.000","37,80","+1,20%"
"RDNI3","RNI","9.700","4,99","-0,20%"
"ALUP3","Alupar","9.600","9,82","+0,20%"
"TASA3","Taurus","9.100","15,83","-0,94%"
"CRPG5","Tronox Pigmentos","8.900","47,75","+3,13%"
"BEES3","Banestes","8.600","8,66","-0,35%"
"FHER3","Fertilizantes Heringer","8.600","7,95","-0,38%"
"SLED3","Saraiva","8.600","3,36","-0,30%"
"VSTE3","LE LIS BLANC","8.200","15,30","+1,53%"
"RAPT3","Randon","8.200","9,24","-0,65%"
"APER3","Alper","7.800","30,48","-1,71%"
"ENGI3","Energisa","7.600","15,60","+2,83%"
"NUTR3","Nutriplant","7.600","3,83","+2,41%"
"BPAC3","Banco BTG Pactual","6.800","13,90","+0,94%"
"PMAM3","Paranapanema","6.700","4,98","+0,20%"
"BOBR4","Bombril","6.400","1,78","-2,20%"
"UNIP3","Unipar","5.900","73,60","-0,53%"
"EALT4","Electro Aço Altona","5.700","8,39","-0,71%"
"WLMM4","WLM","5.300","39,33","-0,15%"
"CSRN3","COSERN","5.200","24,00","+1,39%"
"REDE3","Rede Energia","5.200","5,84","-0,51%"
"BPAC5","Banco BTG Pactual","4.800","8,51","+3,15%"
"OFSA3","Ourofino Saúde Animal","4.700","21,85","+0,00%"
"CEBR5","CEB","4.700","13,77","+1,62%"
"ENGI4","Energisa","4.600","8,23","-2,60%"
"CEBR6","CEB","4.500","14,98","+0,74%"
"MTSA4","METISA","4.300","51,68","+1,35%"
"CGRA4","Grazziotin","4.200","26,42","-0,04%"
"RSUL4","Metalúrgica Riosulense","4.100","67,15","+0,22%"
"TELB4","Telebras","3.700","12,49","+0,16%"
"RPMG3","Refinaria de Manguinhos","3.500","2,33","+2,19%"
"BMEB4","Banco Mercantil do Brasil","3.200","13,27","-0,23%"
"EPAR3","EPAR3","2.900","17,48","+11,34%"
"DEXP4","Dexxos","2.900","9,76","-1,91%"
"OSXB3","OSX Brasil","2.900","4,50","+0,22%"
"FRTA3","Pomi Frutas","2.900","2,34","+2,63%"
"BAZA3","Banco da Amazônia","2.600","84,78","+1,36%"
"CTNM4","Coteminas","2.600","1,95","-0,51%"
"CEBR3","CEB","2.500","13,70","+0,37%"
"JFEN3","João Fortes","2.400","2,43","+0,41%"
"MNPR3","Minupar","2.300","15,71","+1,95%"
"NEXP3","Brasil Brokers","2.200","5,34","-2,38%"
"ENMT3","Energisa MT","2.000","61,95","-1,68%"
"AVLL3","Alphaville","1.900","4,81","-3,80%"
"EUCA3","Eucatex","1.800","13,66","-0,65%"
"CGRA3","Grazziotin","1.700","25,25","-0,20%"
"WHRL4","Whirlpool","1.700","4,59","-0,22%"
"BALM4","Baumer","1.500","10,10","+1,00%"
"CTSA3","Santanense","1.500","2,62","-0,76%"
"BGIP4","Banese","1.400","21,80","-5,46%"
"BEES4","Banestes","1.200","9,97","-0,30%"
"CLSC4","Celesc","1.100","65,79","+0,90%"
"MGEL4","Mangels","1.100","16,00","-3,61%"
"EQPA3","Equatorial Energia Pará","1.000","6,49","+1,72%"
"TRPL3","Transmissão Paulista","900","31,38","-0,19%"
"CRIV4","Alfa Financeira","900","5,99","+0,17%"
"BIOM3","Biomm","900","5,10","-1,92%"
"SNSY3","Sansuy","800","5,90","+5,36%"
"ATOM3","ATOM","800","2,30","+0,00%"
"MNDL3","Mundial","700","55,00","+2,75%"
"PTNT3","Pettenati","700","12,00","+0,17%"
"IGTI4","Jereissati Participações","700","8,46","-3,42%"
"IGTI4","Iguatemi","700","8,46","-3,42%"
"EMAE4","EMAE","600","66,57","-2,12%"
"CTKA4","Karsten","600","14,56","+2,18%"
"CRIV3","Alfa Financeira","600","6,03","+0,50%"
"HOOT4","Hotéis Othon","600","2,23","-1,33%"
"GEPA3","Rio Paranapanema Energia","400","23,50","-4,43%"
"TELB3","Telebras","400","16,75","-1,47%"
"BSLI4","Banco de Brasília","400","11,77","-1,75%"
"ALPA3","Alpargatas","400","8,41","-1,06%"
"FESA3","Ferbasa","300","59,00","-3,36%"
"BGIP3","Banese","300","26,38","+1,46%"
"BMIN4","Banco Mercantil de Investimentos","300","16,00","+0,00%"
"BAHI3","Bahema","300","9,92","+0,20%"
"AFLT3","Afluente T","300","8,20","+0,00%"
"DOHL4","Döhler","300","5,63","+0,00%"
"CGAS5","Comgás","200","129,40","+0,05%"
"PATI4","Panatlântica","200","35,00","+0,03%"
"PEAB3","Participações Aliança da Bahia","200","33,90","+1,19%"
"EQMA3B","Equatorial Maranhão","200","28,30","+1,11%"
"BSLI3","Banco de Brasília","200","14,50","-1,83%"
"CGAS3","Comgás","100","120,00","-1,64%"
"UNIP5","Unipar","100","84,33","-2,90%"
"EKTR4","Elektro","100","37,26","-4,46%"
"GEPA4","Rio Paranapanema Energia","100","25,25","+0,96%"
"BRIV3","Alfa Investimento","100","11,30","-0,62%"
"BRGE3","Consórcio Alfa","100","10,59","+0,00%"
"RPAD3","Alfa Holdings","100","7,60","-1,30%"
"HETA4","Hercules","100","6,91","+0,00%"
"BMKS3","Monark","55","296,40","+0,00%"
"BRGE12","Consórcio Alfa","9.700","10,50","+0,00%"
"CEDO4","Cedro Têxtil","2.300","16,10","-5,41%"
"JOPA3","Josapar","1.300","21,00","-1,87%"
"BDLL4","Bardella","1.200","9,71","-0,92%"
"CEDO3","Cedro Têxtil","600","15,51","-8,22%"
"BMEB3","Banco Mercantil do Brasil","500","16,24","-1,52%"
"BRGE11","Consórcio Alfa","400","10,51","+0,00%"
"ESTR4","Estrela","400","5,80","-7,94%"
"TEKA4","Teka","200","15,47","+7,73%"
"GSHP3","General Shopping & Outlets","200","13,80","-0,65%"
"BNBR3","Banco do Nordeste","100","89,50","+0,00%"
"BRSR5","Banrisul","100","18,64","+4,48%"
"PINE3","PINE","100","4,16","+0,24%"
"MRSA3B","MRS Logística","1.400","25,06","+0,00%"
"HBTS5","Habitasul","700","56,60","+10,98%"
"MRSA5B","MRS Logística","600","25,06","-6,42%"
"MRSA6B","MRS Logística","500","26,50","+0,42%"
"FIEI3","FIEI3","500","15,20","+4,90%"
"CALI3","Adolpho Lindenberg","200","14,10","+0,00%"
"ESTR3","Estrela","200","12,59","+0,08%"
"DOHL3","Döhler","200","7,50","-8,54%"
"BAUH4","Excelsior","100","70,00","-1,41%"
"WLMM3","WLM","100","27,00","+8,00%"
"BRGE6","Consórcio Alfa","100","11,06","+0,64%"
"BRGE5","Consórcio Alfa","100","10,64","+1,82%"
"VIIA3","Via","213.149.200","0,75","+2,74%"
"EALT3","Electro Aço Altona","3.900","8,17","-7,16%"
"RPAD6","Alfa Holdings","1.300","7,99","+5,13%"
"MERC4","Mercantil do Brasil Financeira","300","7,88","+8,69%"
"CRPG3","Tronox Pigmentos","200","44,50","-0,27%"
"MOAR3","Monteiro Aranha","100","388,00","+2,11%"
"BRGE8","Consórcio Alfa","1.700","10,52","+4,68%"
"RPAD5","Alfa Holdings","200","7,51","+0,00%"
"DTCY3","Dtcom","200","5,00","+1,83%"
"TKNO4","Tekno","100","60,01","-1,62%"
"SOND5","Sondotécnica","100","49,99","-0,02%"
"EKTR3","Elektro","100","33,50","-1,47%"
"BDLL3","Bardella","100","11,55","-5,33%"
"BALM3","Baumer","900","10,25","+0,00%"
"ENMT4","Energisa MT","200","65,00","+6,56%"
"CLSC3","Celesc","100","61,99","+0,00%"
"BRKM6","Braskem","100","18,95","+5,28%"
"PLAS3","Plascar","100","8,00","+0,00%"
"BMIN3","Banco Mercantil de Investimentos","700","22,40","-6,20%"
"EQPA5","Equatorial Energia Pará","300","8,41","+0,00%"
"NORD3","Nordon","300","5,46","+0,18%"
"SOND6","Sondotécnica","200","46,00","+2,22%"
"CPLE5","Copel","200","26,01","+0,04%"
"CSAB4","Cia. de Seg. Aliança da Bahia","300","43,01","-9,45%"
"FRIO3","Metalfrio","200","45,00","+0,00%"
"CTNM3","Coteminas","2.200","9,70","+6,59%"
"PATI3","Panatlântica","200","24,50","-2,00%"
"CEEB5","COELBA","100","54,60","+0,00%"
"CEED3","CEEE D","200","27,00","-8,57%"
"CSAB3","Cia. de Seg. Aliança da Bahia","200","33,50","-4,31%"
"LUXM4","Trevisa","400","19,00","+0,42%"
"BRGE7","Consórcio Alfa","700","9,27","-0,22%"
"AHEB3","São Paulo Turismo","100","18,95","-14,21%"
"MWET3","Wetzel","100","13,30","+0,08%"
"USIM6","Usiminas","200","16,31","-0,24%"
"AHEB5","São Paulo Turismo","100","16,59","+0,48%"
"ENBR3","EDP Brasil","1.697.900","24,08","+0,12%"
"AHEB6","São Paulo Turismo","100","17,01","-8,05%"
"MTSA3","METISA","100","77,00","+2,67%"
"LIPR3","Eletropar","100","73,00","-0,27%"
"ELET5","Eletrobras","100","86,01","+0,01%"
"EQPA7","Equatorial Energia Pará","100","7,00","-0,14%"
"BOAS3","Boa Vista","23.239.000","7,95","-0,38%"
"MAPT4","Cemepe","300","11,00","+61,29%"
"CSRN6","COSERN","200","27,60","-4,83%"
"PEAB4","Participações Aliança da Bahia","2.600","74,00","+2,78%"
"CSRN5","COSERN","400","29,50","+13,55%"
"EQPA6","Equatorial Energia Pará","200","10,05","-5,99%"
"COCE3","Coelce","200","50,01","+2,86%"
"CBEE3","Ampla Energia","100","13,70","+3,24%"
"JOPA4","Josapar","100","33,80","-1,20%"
"GPAR3","CELGPAR","400","44,51","+6,18%"
"MODL3","Banco Modal","16.688.000","3,08","+0,33%"
"CTKA3","Karsten","300","18,00","+4,71%"
"MERC3","Mercantil do Brasil Financeira","51.500","15,28","+1,13%"
"DMFN3","DMFN3","100","12,60","+6,15%"
"CEGR3","Naturgy (CEG)","100","85,00","-4,49%"
"MAPT3","Cemepe","300","30,05","+0,00%"
"CRDE3","CR2","400","16,00","+0,00%"
"IGBR3","IGB Eletrônica","700","175,99","+1,14%"
"MSPA4","Melhoramentos","100","40,00","+0,00%"
"ODER4","Conservas Oderich","100","100,00","+12,35%"
"PARD3","Hermes Pardini","1.861.800","18,10","+1,29%"
"CASN3","CASAN","100","10,43","-18,39%"
"CEED4","CEEE D","100","30,00","-14,29%"
"WIZS3","WIZS3","779.400","7,16","+1,99%"
"LLIS3","LLIS3","249.800","1,73","+2,98%"
"MSPA3","Melhoramentos","400","46,25","-7,52%"
"BRML3","BRMalls","16.132.900","8,26","+2,35%"
"DMMO3","Dommo Energia","3.254.800","1,76","-1,12%"
"GETT3","Getnet","46.500","2,40","+1,27%"
"GETT4","Getnet","18.500","2,40","+1,27%"
"SULA4","SulAmérica","18.600","7,63","+5,53%"
"SULA3","SulAmérica","4.000","7,43","+1,50%"
"CEPE5","CELPE","100","40,12","+0,02%"
"TCNO4","Tecnosolo","36.800","0,85","-9,57%"
"TCNO3","Tecnosolo","3.400","1,20","-1,64%"
"CEPE6","CELPE","100","43,00","+6,17%"
"BKBR3","BKBR3","782.300","7,63","+0,26%"
"MTIG4","Metalgráfica Iguaçu","100","23,00","+0,00%"
"BLUT4","Blue Tech Solutions","171.100","1,52","-5,59%"
"BLUT3","Blue Tech Solutions","13.400","5,14","+0,59%"
"MODL4","Banco Modal","700","2,72","-2,16%"
"CARD3","CARD3","118.000","14,51","+1,82%"
"SHUL3","Schulz","100","27,94","-50,12%"
"FIGE3","Investimentos Bemge","100","12,03","+99,83%"
"FNCN3","Finansinos","4.800","14,25","-0,35%"
"TEKA3","Teka","100","8,23","+1,73%"
"HETA3","Hercules","200","96,00","+0,00%"
"LCAM3","Locamerica","26.118.900","24,15","+1,86%"
"BIDI4","Banco Inter","52.479.800","3,41","-2,01%"
"BIDI3","Banco Inter","15.262.400","3,40","-2,58%"
"EEEL4","CEEE GT","100","410,00","-2,88%"
"EEEL3","CEEE GT","400","421,01","+5,25%"
"BBRK3","BBRK3","1.279.600","0,80","+1,27%"
"SOND3","Sondotécnica","200","46,01","+14,45%"
"CESP6","CESP","9.306.600","25,25","+1,41%"
"CESP3","CESP","11.500","25,55","+1,71%"
"CESP5","CESP","300","25,00","+2,75%"
"ECPR4","Encorpar","100","90,74","+0,42%"
"MOSI3","Mosaico","1.021.200","8,24","+3,00%"
"POWE3","Focus Energia","678.000","10,90","-2,24%"
"ECPR3","Encorpar","300","90,25","+12,97%"
"GNDI3","NotreDame Intermédica","33.458.600","65,34","+0,00%"
"LAME4","Lojas Americanas","43.631.000","6,55","+2,02%"
"LAME3","Lojas Americanas","10.941.100","6,62","+2,95%"
"OMGE3","Omega Geração","834.900","27,57","-0,86%"
"IGTA3","IGTA3","1.643.400","33,13","+0,18%"
"JPSA3","JPSA3","100.100","29,02","+1,75%"
"BRDT3","BRDT3","24.483.500","22,03","-5,17%"
"JBDU4","JBDU4","2.556.100","1,36","+3,82%"
"JBDU3","JBDU3","1.890.100","3,12","+9,09%"
"HGTX3","Hering","7.519.800","37,50","-2,65%"
"CCPR3","CCPR3","328.200","10,16","-4,51%"
"DTEX3","DTEX3","2.867.800","20,63","-3,10%"
"VVAR3","VVAR3","64.987.000","11,30","-6,38%"
"PNVL4","Dimed","2.000","18,62","-2,67%"
"TESA3","Terra Santa","41.100","48,00","-2,74%"
"BTOW3","BTOW3","11.169.600","68,00","+4,15%"
"LINX3","Linx","8.510.000","37,40","-0,27%"
"BTTL3","Embpar","6.100","19,72","-2,33%"
"GPCP3","GPCP3","698.100","49,00","-3,92%"
"GPCP4","GPCP4","5.300","45,51","-1,30%"
"SMLS3","Smiles","1.944.100","22,40","-1,71%"
"MMXM3","MMX Mineração","1.240.300","14,00","-30,35%"
"BSEV3","Biosev","528.800","9,00","+8,43%"
"CNTO3","CNTO3","2.083.600","28,08","+4,78%"
"TIET4","AES Tietê Energia","323.700","3,51","+1,15%"
"TIET3","AES Tietê Energia","169.100","3,49","+0,87%"
"CORR4","Corrêa Ribeiro","100","82,00","+18,84%"
"CEPE3","CELPE","1.300","128,00","+85,32%"
"CALI4","Adolpho Lindenberg","100","50,00","+4,17%"
"SNSY6","Sansuy","100","11,51","+4,64%"
"CASN4","CASAN","100","10,00","-16,67%"
"EMAE3","EMAE","100","26,01","+33,25%"
"BPAR3","Banpará","100","182,07","+20,58%"
"APTI4","Aliperti","200","3.500,00","-61,96%"
"VSPT3","FCA","1.000.000","4.999.999,50","+114,29%"
"MTIG3","Metalgráfica Iguaçu","400","156,30","+29,60%"
"FIGE4","Investimentos Bemge","100","38,01","-4,97%"
"LUXM3","Trevisa","200","2,50","+8,23%"
"TKNO3","Tekno","100","85,79","+10,64%"
"COCE6","Coelce","100","35,00","+16,63%"
"MGEL3","Mangels","100","75,00","+8,70%"
"CTSA8","Santanense","2.000","1,00","+0,00%"
"MMAQ4","Minasmáquinas","14","200,06","-28,55%"
